{"cameraMode":{"drawMode":0,"name":"Shaded","section":"Shading Mode"},"sceneLighting":true,"audioPlay":false,"sceneViewState":{"m_AlwaysRefresh":false,"showFog":true,"showSkybox":true,"showFlares":true,"showImageEffects":true,"showParticleSystems":true,"showVisualEffectGraphs":true,"m_FxEnabled":true},"in2DMode":false,"pivot":{"x":166.49253845214845,"y":449.40814208984377,"z":-704.1260375976563},"rotation":{"x":-0.10357636213302612,"y":-0.030104223638772966,"z":0.003132625948637724,"w":-0.9941797852516174},"size":0.9457213878631592,"orthographic":false}